{
  "mode": "taskmap_50",
  "scores": {
    "sst2": {
      "accuracy": 98.0
    },
    "agnews": {
      "accuracy": 92.0
    },
    "boolq": {
      "accuracy": 80.0
    },
    "squad": {
      "f1": 53.07460202155111,
      "em": 42.0
    },
    "xsum": {
      "rouge_l": 27.21930962410923
    },
    "wmt14_ende": {
      "sacrebleu": 15.866582620864879,
      "chrf": 44.12874023275152
    },
    "wmt16_enro": {
      "sacrebleu": 10.083915213619044,
      "chrf": 37.740700410977034
    },
    "gsm8k": {
      "exact_answer": 44.0
    },
    "svamp": {
      "exact_answer": 48.0
    },
    "mbpp": {
      "pass_at_1": 0.0
    },
    "macro_avg": 46.82444094801442
  }
}
