{
  "mode": "taskmap_50",
  "scores": {
    "sst2": {
      "accuracy": 98.0
    },
    "agnews": {
      "accuracy": 92.0
    },
    "boolq": {
      "accuracy": 78.0
    },
    "squad": {
      "f1": 43.759806181123,
      "em": 28.0
    },
    "xsum": {
      "rouge_l": 28.23745410007168
    },
    "wmt14_ende": {
      "sacrebleu": 13.641291068623879,
      "chrf": 42.905700747599575
    },
    "wmt16_enro": {
      "sacrebleu": 9.101596392996397,
      "chrf": 38.085023739878835
    },
    "gsm8k": {
      "exact_answer": 44.0
    },
    "svamp": {
      "exact_answer": 48.0
    },
    "mbpp": {
      "pass_at_1": 0.0
    },
    "macro_avg": 45.47401477428149
  }
}
