{
  "mode": "taskmap_50",
  "scores": {
    "sst2": {
      "accuracy": 0.0
    },
    "agnews": {
      "accuracy": 0.0
    },
    "boolq": {
      "accuracy": 0.0
    },
    "squad": {
      "f1": 1.1154957280717932,
      "em": 0.0
    },
    "xsum": {
      "rouge_l": 3.2405863457039747
    },
    "wmt14_ende": {
      "sacrebleu": 0.053069423972470955,
      "chrf": 10.421411605204204
    },
    "wmt16_enro": {
      "sacrebleu": 0.021082639825043867,
      "chrf": 9.36773459720496
    },
    "gsm8k": {
      "exact_answer": 2.0
    },
    "svamp": {
      "exact_answer": 0.0
    },
    "mbpp": {
      "pass_at_1": 0.0
    },
    "macro_avg": 0.6430234137573283
  }
}
